"judul_berita","tanggal_publikasi","jam_publikasi","kategori"
"Sudin SDA Jakpus Kebut Pembangunan Turap di Jl Gunung Sahari","2020-02-29","19:14","Pembangunan"
"PT MRT Bakal Tata Stasiun Tanah Abang","2020-02-29","18:37","BUMD"
"Dinas Parekraf Ajak Warga Lestarikan PBB Setu Babakan","2020-02-29","18:14","Seni & Budaya"
"2.000 Pohon Cabai Dipanen di Cibubur","2020-02-29","17:08","Kesra"
"Dua Saluran Air di Kembangan Dikuras","2020-02-29","15:48","Lintas Kota"
"Sudin Dukcapil Jakbar Distribusikan 23 KTP-el di Jembatan Besi","2020-02-29","14:16","Lintas Kota"
"Personel Sudin Gulkamat Jaktim Evakuasi Orang Terjebak di Lift","2020-02-29","12:55","Jakarta Hari Ini"
"Saluran PHB Kali Jati Bambu Apus Dibersihkan","2020-02-29","11:14","Banjir"
"Transjakarta Buka Rute ke Festival Java Jazz","2020-02-29","09:05","BUMD"
"Jakarta Bakal Diguyur Hujan Hari Ini","2020-02-29","08:51","Jakarta Hari Ini"
"Pelajar dari Dua Sekolah di Jaksel Ikuti Perekaman KTP-el","2020-02-28","22:26","Lintas Kota"
"Warga Utan Panjang Disosialisasikan Ingub Pengurangan Sampah","2020-02-28","20:51","Kesra"
"Sudin KPKP Jakbar Basmi Hama Ulat Bulu di RPTRA Joglo","2020-02-28","20:39","Lintas Kota"
"Wali Kota Jakpus Tanam Beragam Bibit Sayuran di JP Farm","2020-02-28","19:42","Kesra"
"Anggota Komisi A Terus Dorong Optimalisasi Pembuatan KIA","2020-02-28","19:22","Legislatif"
"928 Pelajar di Jaksel Telah Lakukan Perekaman E-KTP","2020-02-28","19:17","Kesra"
"Kelompok Tani Kebun Berseri Bintaro Panen 675 Kilogram Cabai","2020-02-28","18:38","Ekonomi"
"Genangan di Jl Raya Cipayung Surut","2020-02-28","18:32","Jakarta Hari Ini"
"Petugas Gabungan Tindak 71 Kendaraan di Jl Mangga Dua Raya","2020-02-28","18:22","Transportasi"
"Tiga Mobil Damkar Diperbantukan Semprot Lumpur Sisa Banjir ","2020-02-28","17:30","Lintas Kota"
"Program Pasar Bebas Plastik Diluncurkan di Pasar Tebet Barat","2020-02-28","17:16","Fokus"
"Petugas Tangani Turap Longsor di Cipinang Muara","2020-02-28","16:32","Jakarta Hari Ini"
"Delapan Pompa Mobile Atasi Genangan di Muara Angke","2020-02-28","15:55","Banjir"
"Dua Sodetan di Cilincing Mulai Dibangun ","2020-02-28","15:32","Pembangunan"
"Dinas KPKP Resmikan Program Go Jakfarm di Bintaro","2020-02-28","15:23","Kesra"
"Petugas Gabungan Kerja Bakti di Cipinang Muara","2020-02-28","15:10","Lintas Kota"
"Sudin SDA Jakbar Keruk Saluran di Cengkareng Timur","2020-02-28","14:49","Lintas Kota"
"Dinas KPKP Lakukan Penyemaian dan Penanaman Sayuran di Kebun Opal","2020-02-28","14:07","Kesra"
"Ribuan Personel UPK Badan Air Siaga 24 Jam di Lokasi Rawan Banjir","2020-02-28","13:38","Fokus"
"Produk Pangan Lima Pasar di Jaksel Dipastikan Aman ","2020-02-28","13:33","Kesehatan"
"18 Warga Terdampak Longsor di Pegangsaan Terima Bantuan","2020-02-28","12:56","Kesra"
"Dinas KPKP Tanam 120 Bibit Pisang Kepok Kuning","2020-02-28","11:02","Kesra"
"BMKG Prediksi Hari Ini Jakarta Diguyur Hujan ","2020-02-28","07:45","Jakarta Hari Ini"
"Gorong-gorong di Kelurahan Setu Diperbaiki","2020-02-27","22:28","Lintas Kota"
"13 ASN di Jakarta Barat Terima SK Pensiun","2020-02-27","21:10","Pemerintahan"
"Trotoar di Jl Percetakan Negara IX Diperbaiki","2020-02-27","20:24","Pembangunan"
"Warga Terdampak Banjir di Cengkareng Didistribusikan 400 Nasi Boks","2020-02-27","20:07","Kesra"
"Wali Kota Jakbar Buka Turnamen Tiga Pilar Cup","2020-02-27","19:55","Olahraga"
"Komisi A Ingin Penagihan Fasos-Fasum Pengembang Semakin Dioptimalkan","2020-02-27","19:44","Legislatif"
"PT MRT Jakarta Berikan Penghargaan untuk Mitra Kerja","2020-02-27","18:36","BUMD"
"Bapemperda Bahas Dua Raperda ","2020-02-27","18:24","Legislatif"
"Kolong Flyover Klender Dipercantik","2020-02-27","18:08","Lintas Kota"
"ACT Bakal Bentuk Kelompok Siaga Bencana di Jaksel","2020-02-27","17:18","Pemerintahan"
"PAUD di Kepulauan Seribu Dibagikan 250 Buku Bacaan","2020-02-27","17:00","Pendidikan"
"Tiga Mobil Damkar Bersihkan Lumpur di Lokasi Bekas Genangan","2020-02-27","16:41","Jakarta Hari Ini"
"Kelurahan Pulau Tidung Sosialisasikan Pencegahan Penyebaran Virus Corona ","2020-02-27","16:33","Kesehatan"
"68 Warga Terdampak Banjir di Tomang Diberikan KTP-el ","2020-02-27","16:20","Lintas Kota"
"Separator Roboh di Jl Yos Sudarso Sudah Diperbaiki ","2020-02-27","15:56","Lintas Kota"
"295 Lansia dan Balita di Semper Timur Manfaatkan Layanan Posyandu","2020-02-27","15:51","Banjir"
"Petugas Tangani Dampak Longsor di Area Makam Pangeran Jayakarta","2020-02-27","15:23","Jakarta Hari Ini"
"100 Personel Dinas Gulkarmat Donor Darah","2020-02-27","14:57","Jakarta Hari Ini"
"Petugas SDA Buat Sodetan dan Sumur Resapan di Pulau Untung Jawa","2020-02-27","14:18","Pembangunan"
"Perumda Pembangunan Sarana Jaya Luncurkan Aplikasi SAMAWA","2020-02-27","14:10","BUMD"
"Dinas Sosial DKI Pastikan Kebutuhan Dasar Warga Terdampak Banjir Terpenuhi","2020-02-27","13:44","Lintas Kota"
"Seluruh Jalan di Jakut Aman Dilintasi Kendaraan","2020-02-27","13:22","Transportasi"
"Kebakaran Dua Kios di Thamrin City Berhasil Dipadamkan","2020-02-27","13:13","Lintas Kota"
"Sosialisasi Penggunaan Kantong Belanja Ramah Lingkungan Digencarkan","2020-02-27","11:56","Lintas Kota"
"Penimbunan Karung Pasir di Boks Utilitas Sesuai Prosedur","2020-02-27","11:26","Pembangunan"
"PT LRT Ajak Penumpang Berdonasi","2020-02-27","09:40","BUMD"
"Hari Ini Jakarta Diguyur Hujan ","2020-02-27","07:40","Jakarta Hari Ini"
"Mengintip Keseruan Warga Bermain di RPTRA Rorotan Indah 2","2020-02-26","22:24","LENGGANG JAKARTA"
"Pelengkap Ikon Jakarta, Pemprov DKI Berkolaborasi Dirikan Museum Internasional Sejarah Rasulullah SAW dan Peradaban Islam ","2020-02-26","21:34","Pembangunan"
"Kecamatan Kramat Jati Operasikan Tiga Dapur Umum","2020-02-26","20:12","Lintas Kota"
"Utamakan Kepentingan Publik dengan Penataan Empat Stasiun","2020-02-26","19:38","Transportasi"
"Petugas Tangani Turap Longsor Kali Sunter di Kelurahan Jati","2020-02-26","18:57","Jakarta Hari Ini"
"Kepulauan Seribu Selatan Pantau Kebersihan Pantai Tiga Pulau ","2020-02-26","18:23","Kesra"
"Mobil Pemadam Dikerahkan Semprot Lumpur Sisa Genangan","2020-02-26","18:05","Banjir"
"Komisi A-Kanwil BPN DKI Bahas Program PTSL","2020-02-26","17:54","Legislatif"
"60 Murid TK di Jaksel Diajarkan Cara Bercocok Tanam","2020-02-26","17:40","Pendidikan"
"Sudinsos Jakut Masih Siagakan Dapur Umum","2020-02-26","17:33","Banjir"
"Komisi B Ingin PD Dharma Jaya Terus Tingkatkan Kinerja Perusahaan ","2020-02-26","17:21","Legislatif"
"Sembilan Penunggak Pajak di Jaksel Dipasangi Stiker","2020-02-26","17:18","Ekonomi"
"Pemprov DKI dan 37 Mitra Sepakati Kerja Sama Penanggulangan Bencana","2020-02-26","16:34","Fokus"
"Warga Kebon Baru Kerja Bakti Bersihkan Lumpur Sisa Genangan","2020-02-26","16:31","Lintas Kota"
"Ketua Komisi A Apresiasi ASN Pendamping Selama Reses","2020-02-26","16:26","Legislatif"
"Sudin Gulkarmat Jakbar Bersihkan Bekas Lokasi Tergenang","2020-02-26","16:19","Jakarta Hari Ini"
"129 Petugas Gabungan Kerja Bakti di Kampung Bali","2020-02-26","15:45","Lintas Kota"
"Lumpur Sisa Genangan di Jl Ahmad Yani Dibersihkan","2020-02-26","15:25","Lintas Kota"
"Genangan di Jalan Panjang Sudah Surut","2020-02-26","15:23","Jakarta Hari Ini"
"Sampah dan Lumpur Sisa Genangan di Pinang Ranti Dibersihkan","2020-02-26","14:26","Jakarta Hari Ini"
"Ratusan Petugas Gabungan Kerja Bakti di Jl Raden Saleh","2020-02-26","14:08","Lintas Kota"
"Ayo ke Gelar Produk IKM Jakarta di Mal Sarinah","2020-02-26","13:51","Ekonomi"
"30 Calon Abnon Kepulauan Seribu Ikut Proses Karantina","2020-02-26","13:16","Wisata & Kuliner"
"Sampah Sisa Genangan di Pela Mampang Dibersihkan","2020-02-26","13:11","Banjir"
"Sudin KPKP Jakbar Buka Pelayanan Evakuasi dan Kesehatan Hewan","2020-02-26","12:52","Kesehatan"
"Pemkot Jakut Bakal Bangun Dua Sodetan ke Kali Cakung Drain ","2020-02-26","12:24","Banjir"
"Arus Lalin di Jl Perintis Kemerdekaan Kembali Normal","2020-02-26","11:13","Jakarta Hari Ini"
"Siswa SMK dan Pokdarwis Kepulauan Seribu Selatan Diajarkan Digital Marketing ","2020-02-26","11:01","Kesra"
"Satpol PP Diminta Utamakan Perlindungan Masyarakat","2020-02-26","09:22","Lintas Kota"
"Tiga Mobil Damkar Atasi Kebakaran di Kelurahan Dukuh","2020-02-26","09:08","Jakarta Hari Ini"
"Kondisi Terkini Pascabanjir, Pemprov DKI Upayakan Penanganan Warga dan Wilayah Terdampak","2020-02-26","08:49","Lintas Kota"
"BMKG: Jakarta akan Diguyur Hujan Lebat Dini Hari","2020-02-26","08:37","Jakarta Hari Ini"
"PMI Jaksel Distribusikan 1.450 Nasi Kotak ke Wilayah Tergenang","2020-02-25","22:21","Banjir"
"16 Titik Genangan di Mampang Prapatan Telah Surut","2020-02-25","22:08","Banjir"
"BMKG Prediksi Cuaca Ekstrem Masih Terjadi Hingga Maret","2020-02-25","22:03","Jakarta Hari Ini"
"Ketua dan Wakil Ketua DPRD Tinjau Lokasi Terdampak Banjir","2020-02-25","21:59","Legislatif"
"Kelurahan Kedoya Utara Salurkan Bantuan","2020-02-25","20:40","Banjir"
"Suporter Persitara Diminta Aktif Bantu Korban Bencana","2020-02-25","20:22","Olahraga"
"Jumlah Penumpang LRT Melonjak Hari Ini","2020-02-25","19:49","BUMD"
"Warga Terdampak Banjir Difasilitasi di 40 Posko Pengungsian","2020-02-25","19:33","Jakarta Hari Ini"
"16 Dapur Umum untuk Warga Terdampak Banjir Didirikan di Kecamatan Makasar ","2020-02-25","19:21","Banjir"
"Petugas Evakuasi Warga Terdampak Banjir di Kayu Putih","2020-02-25","18:27","Banjir"
"Empat Pompa Dikerahkan Sedot Genangan di Jelambar","2020-02-25","18:20","Banjir"
"Dinas PPAPP Targetkan 1.500 Jakpreneur","2020-02-25","17:48","Ekonomi"
"Transjakarta Rute Pengumpan (Feeder) Integrasi MRT dan KRL Beroperasi Normal","2020-02-25","17:35","BUMD"
"Kelurahan Petogogan Dirikan Dua Posko Pengungsian","2020-02-25","17:30","Banjir"
"Dinas Gulkarmat Tangani Genangan di Underpass Senen","2020-02-25","17:19","Jakarta Hari Ini"
"Personel Sudin Gulkarmat Jakpus Evakuasi Warga yang Sakit","2020-02-25","16:41","Jakarta Hari Ini"
"Sudinsos Jakbar Bagikan 6.022 Boks Makanan Siap Saji","2020-02-25","16:22","Banjir"
"Tinjau Pintu Air Manggarai, Anies Tegaskan Fokus Penanggulangan Bencana Saat Curah Hujan Ekstrem","2020-02-25","15:58","Jakarta Hari Ini"
"Sejumlah Wilayah Tergenang, Anies Imbau Jajaran Turun Tangan Bantu Masyarakat","2020-02-25","15:52","Fokus"
"Petugas Gabungan Tangani Enam Titik Genangan di Kebon Baru","2020-02-25","15:42","Banjir"
"Sejumlah Rute Transjakarta Masih Dialihkan","2020-02-25","15:39","BUMD"
"Tujuh Pompa Mobile Sedot Genangan di Artha Gading","2020-02-25","15:29","Banjir"
"Sudinhub Jakut Kerahkan 14 Mobil Operasional untuk Evakuasi Warga","2020-02-25","15:21","Banjir"
"Ribuan Personel Dinas dan Sudin SDA Dikerahkan Tangani Genangan","2020-02-25","15:17","Jakarta Hari Ini"
"Kebakaran Rumah di Malaka Sari Berhasil Dipadamkan","2020-02-25","15:06","Jakarta Hari Ini"
"Perahu Karet Dikerahkan Evakuasi Warga di Rawajati ","2020-02-25","14:25","Banjir"
"Dinas Gulkarmat Optimalisasi Evakuasi Warga dan Penanganan Genangan","2020-02-25","14:23","Jakarta Hari Ini"
"Satpol PP Kerahkan Perahu Karet dan Truk Bantu Evakuasi Warga ","2020-02-25","13:28","Banjir"
"Sudinsos Jakut Siapkan 4.000 Paket Makanan Siap Saji","2020-02-25","12:35","Banjir"
"Hari Ini Ganjil Genap Ditiadakan","2020-02-25","12:03","Jakarta Hari Ini"
"Genangan di Underpass Matraman Masih Dilakukan Penyedotan","2020-02-25","11:58","Banjir"
"Lalin di Jl Jatinegara Barat dan Jl DI Panjaitan Dialihkan","2020-02-25","11:46","Banjir"
"Puluhan Petugas Tangani Genangan di Mampang Prapatan","2020-02-25","10:34","Banjir"
"Lima Pompa Mobile Dikerahkan Atasi Genangan di Petamburan","2020-02-25","10:21","Banjir"
"Jl S Parman Depan Citraland Sudah Bisa Dilalui Kendaraan","2020-02-25","09:58","Jakarta Hari Ini"
"Bus Sekolah Setop Operasi Sementara","2020-02-25","09:42","Banjir"
"BPBD Sudah Sebarluaskan Informasi Peningkatan TMA dan Kondisi Cuaca","2020-02-25","08:53","Jakarta Hari Ini"
"Sudin Gulkamat Jaktim Kerahkan 20 Perahu Karet","2020-02-25","08:34","Banjir"
"Ketua Komisi A Sudah Sambangi 10 Lokasi Saat Reses ","2020-02-25","07:46","Legislatif"
"Penertiban Terminal Bayangan di Jakbar Terus Digencarkan","2020-02-24","22:28","Lintas Kota"
"Warga RW 01 Pulau Kelapa Bentuk Bank Sampah ","2020-02-24","21:10","Lintas Kota"
"Sudinsos Jaktim Beri Bantuan Pemilik Rumah di Jl Pisangan Baru ","2020-02-24","20:22","Kesra"
"Sudin Pusip Jakbar Buka Layanan Restorasi Arsip Keluarga","2020-02-24","20:03","Lintas Kota"
"27 RW di Cilandak Jadi Percontohan Program Samtama","2020-02-24","19:32","Kesra"
"Genangan di Jl Raya Babek Rorotan Berangsur Surut","2020-02-24","19:22","Banjir"
"Dewan Dorong Pasar Poncol Ditata Jadi Ikon Pasar Tradisional","2020-02-24","18:24","Legislatif"
"Dinas SDA Bersihkan Saluran di Sekitar RSCM","2020-02-24","18:12","Lintas Kota"
"Petugas PPSU Semper Barat Bersihkan Saluran di Jl Tugu ","2020-02-24","18:02","Lintas Kota"
"Saluran di Jl Percetakan Negara Diperbaiki","2020-02-24","17:34","Lintas Kota"
"Wabup Minta Edukasi Sanitasi Lingkungan Lebih Digencarkan ","2020-02-24","17:18","Kesehatan"
"Dinas Gulkarmat Siapkan 30.000 Stiker Informasi Bahaya Kebakaran","2020-02-24","17:07","Lintas Kota"
"PT FSTJ Rasakan Manfaat Sinergi dengan Bank DKI","2020-02-24","16:53","BUMD"
"730 Dokter Kecil di Pancoran Dilantik","2020-02-24","16:44","Kesehatan"
"Bapenda Targetkan Penerimaan Rp 8,65 Triliun dari Empat Jenis Pajak Ini","2020-02-24","16:40","Legislatif"
"Sudin SDA Jakarta Barat Perbaiki Tanggul Kali Sekretaris","2020-02-24","15:19","Pembangunan"
"Bamus DPRD Bahas Agenda Kunker AKD dan Sosialisasi Perda","2020-02-24","15:08","Legislatif"
"Mobil Pemadam Dikerahkan Bersihkan Lumpur Sisa Banjir ","2020-02-24","14:56","Jakarta Hari Ini"
"Sudin Gulkarmat Jakpus Atasi Kepulan Asap di Gedung DPR RI","2020-02-24","14:53","Jakarta Hari Ini"
"40 Petugas Gabungan Bersihkan Kali Cakung Lama","2020-02-24","14:14","Lintas Kota"
"Sudinsos Jaktim Distribusikan Makanan Siap Saji","2020-02-24","13:39","Banjir"
"Petugas Bersihkan Sampah Sisa Banjir di Pondok Bambu","2020-02-24","13:25","Banjir"
"Saluran di Jl Dasa Raya Kebayoran Baru Dikuras ","2020-02-24","13:14","Lintas Kota"
"Kualitas Air SWRO Pulau Tidung Terus Dicek ","2020-02-24","12:11","Kesra"
"Posko Banjir Kelurahan Pinang Ranti Siagakan Perahu Karet","2020-02-24","11:45","Fokus"
"Ratusan Petugas Gabungan Kerja Bakti di Menteng","2020-02-24","11:40","Lintas Kota"
"Kantor Pemerintah di Kepulauan Seribu Sediakan Tempat Sampah Pilah ","2020-02-24","11:35","Lintas Kota"
"Genangan di Permukiman Warga Kuningan Barat Surut","2020-02-24","11:32","Banjir"
"Pemprov DKI Terus Optimalkan Penanganan Genangan","2020-02-24","11:29","Jakarta Hari Ini"
"Penanganan Pasca Banjir, Pemprov DKI Jakarta Pastikan Sebagian Besar Wilayah Telah Surut","2020-02-24","10:39","Fokus"
"Satpol PP Kerahkan Personel dan Sarpras Bantu Warga Terdampak Banjir","2020-02-24","09:10","Banjir"
"Sebagian Wilayah Jakarta Bakal Diguyur Hujan","2020-02-24","08:55","Jakarta Hari Ini"
"Bank DKI Dukung Program Ketahanan Pangan ","2020-02-23","20:27","BUMD"
"1.000 Pesilat Beksi Tampikan Atraksi Jurus di Ulujami","2020-02-23","20:15","Seni & Budaya"
"28 Disabilitas Ikuti Ujian CPNS di Kantor Wali Kota Jaksel","2020-02-23","19:55","Pemerintahan"
"Genangan di Cawang Telah Surut","2020-02-23","19:30","Banjir"
"Genangan di Jl Boulevard Barat Raya Surut","2020-02-23","19:20","Lintas Kota"
"Dukungan Bank DKI di Sektor Transportasi Diapresiasi ","2020-02-23","19:14","BUMD"
"Genangan di Permukiman Warga Petamburan Sudah Surut","2020-02-23","18:30","Banjir"
"Satu Pompa Portabel Sedot Genangan di Kelapa Gading","2020-02-23","18:28","Banjir"
"Sudin Sosial Jakarta Timur Distribusikan 2.380 Nasi Boks","2020-02-23","17:00","Kesra"
"Warga Terdampak Banjir di Petamburan Terima Bantuan","2020-02-23","16:41","Banjir"
"112 Siswa SMA Dibagikan e-KTP di HBKB Antasari","2020-02-23","15:58","Lintas Kota"
"Petugas Bantu Evakuasi Warga Terdampak Banjir di Kayu Putih","2020-02-23","15:42","Banjir"
"Sudin Gulkarmat Jakarta Barat Atasi Genangan di Permukiman Warga","2020-02-23","15:08","Banjir"
"Kelurahan Kayu Putih Siapkan Lokasi Pengungsian","2020-02-23","14:45","Banjir"
"Petugas Gabungan Atasi Genangan di Underpass Kemayoran","2020-02-23","13:36","Banjir"
"Empat Pohon Tumbang di Setiabudi Berhasil Dievakuasi","2020-02-23","13:14","Lintas Kota"
"Petugas Sudinhub Jaktim Bantu Evakuasi Warga","2020-02-23","12:50","Jakarta Hari Ini"
"Petugas Tangani Rembesan Tanggul Kali Utan Kayu di Cempaka Putih","2020-02-23","12:10","Jakarta Hari Ini"
"UPAS Dishub DKI Evakuasi Armada Bus Sekolah","2020-02-23","11:41","Banjir"
"Sejumlah Rute Transjakarta Dialihkan","2020-02-23","11:08","BUMD"
"Gerakan Pungut Sampah di HBKB Jl MH Thamrin","2020-02-23","10:50","BUMD"
"Jakarta Bakal Diguyur Hujan Hari Ini","2020-02-23","07:48","Jakarta Hari Ini"
"Binaan Jakpreneur Akui Dapat Berbagai Kemudahan, dari Kenaikan Omzet Hingga Buka Cabang","2020-02-23","01:23","Ekonomi"
"Perajin Ondel-ondel Bakal Terus Diperhatikan","2020-02-22","22:39","Seni & Budaya"
"35 Nelayan Tradisional di Cilincing Terima Pas Kecil Kapal","2020-02-22","20:36","Kesra"
"Jakpreneur, Pengembangan Program Kewirausahaan Terpadu Pemprov DKI Jakarta Melalui Ekosistem Kolaborasi","2020-02-22","19:55","Ekonomi"
"Kunjungi Naturale Market, Anies Dukung Jakpreneur Sebagai Program Peningkatan Kewirausahaan Terpadu","2020-02-22","19:15","Fokus"
"Posyandu Remaja Ramaikan Peringatan Hari Gizi Nasional di Pulau Karya ","2020-02-22","18:52","Kesehatan"
"Kepala Dinas Kebudayaan Kunjungi Dua Sanggar di Jakbar ","2020-02-22","18:17","Jakarta Hari Ini"
"Kepengurusan ISKI DKI 2019-2022 Dikukuhkan","2020-02-22","15:34","Jakarta Hari Ini"
"20 UKM Pulau Tidung Diberikan Stiker dan Kemasan Produk ","2020-02-22","15:32","Ekonomi"
"Hari Ini Jakarta Diguyur Hujan ","2020-02-22","08:18","Jakarta Hari Ini"
"Konstruksi Reklame di Kawasan Kendali Ketat Dibongkar","2020-02-22","07:49","Lintas Kota"
"Sudin Dukcapil Jakut akan Distribusikan KTP-el Saat HBKB","2020-02-21","21:48","Lintas Kota"
"Yuk Ikutan Run for Water 2020, Catat Tanggalnya!","2020-02-21","21:21","Olahraga"
"Melihat Eksistensi KOSTI Lestarikan Sepeda Ontel","2020-02-21","20:44","LENGGANG JAKARTA"
"Keceriaan Warga Tanjung Priok Bermain di Taman Gorontalo","2020-02-21","20:30","LENGGANG JAKARTA"
"SMKN 24 Jakarta Pastikan KBM Tetap Berjalan Baik","2020-02-21","20:08","Jakarta Hari Ini"
"Kolaborasi Pemprov DKI dan Mayapada Group, Dukung Sarana Binaan Jakpreneur","2020-02-21","20:00","Ekonomi"
"Sempat Dialihkan, Sejumlah Rute Transjakarta Kembali Normal","2020-02-21","19:31","BUMD"
"FKDM Kepulauan Seribu Diminta Perkuat Sinergisitas","2020-02-21","19:09","Lintas Kota"
"Empat Kawasan di Jakpus akan Ditata Tahun Ini","2020-02-21","18:35","Lintas Kota"
"Sudin SDA Jakarta Barat Lakukan Pengerukan di Kali Sekretaris","2020-02-21","18:11","Pembangunan"
"Pemkot Jakpus Bagikan 100 Boks Makanan di Duri Pulo","2020-02-21","17:53","Kesra"
"Kepulauan Seribu Utara Gelar Aksi Tanam Pohon dan Pungut Sampah  ","2020-02-21","17:39","Kesra"
"Pemprov DKI-PT KAI Sepakati Kerja Sama Peningkatan Integrasi Antar Moda","2020-02-21","17:16","Transportasi"
"Musrenbang Kecamatan Cipayung Bahas 415 Usulan","2020-02-21","16:57","Pembangunan"
"Besok RPTRA NKRI Gelar Kegiatan Donor Darah","2020-02-21","16:05","Kesra"
"Warga Terdampak Banjir Didistribusikan Makanan Siap Saji","2020-02-21","15:54","Lintas Kota"
"PT Transjakarta Lakukan Modifikasi Sejumlah Rute","2020-02-21","15:26","Jakarta Hari Ini"
"PT MRT Sediakan Parkir Kendaraan Bagi Penyandang Disabilitas","2020-02-21","15:10","BUMD"
"Petugas Gabungan Kecamatan Sawah Besar Gelar Pekan Tertib","2020-02-21","15:07","Lintas Kota"
"99 Persen Penduduk Kepulauan Seribu Sudah Terdaftar BPJS Kesehatan ","2020-02-21","14:24","Kesehatan"
"Pemprov DKI Targetkan Pengurangan Sampah Hingga 30 Persen","2020-02-21","14:20","Lintas Kota"
"Pohon Tumbang di Lubang Buaya Sudah Dievakuasi","2020-02-21","14:16","Jakarta Hari Ini"
"Lima Meter Kubik Sampah Dibersihkan di Pulau Untung Jawa ","2020-02-21","13:36","Lintas Kota"
"Peringati HPSN 2020, Anies Imbau Kurangi, Pilah dan Olah Sampah dari Tingkat Rumah Tangga","2020-02-21","12:11","Jakarta Hari Ini"
"TMA di Pintu Air Manggarai Berstatus Normal","2020-02-21","10:35","Jakarta Hari Ini"
"JPS Apresiasi Pengesahan Tatib DPRD DKI","2020-02-21","10:26","Jakarta Hari Ini"
"Ancol Bagi-bagi Pupuk Gratis","2020-02-21","09:54","BUMD"
"Hari Ini Jakarta akan Diguyur Hujan Sejak Pagi","2020-02-21","08:11","Jakarta Hari Ini"
"Gebyar Beksi Kampung Ulujami Digelar Akhir Pekan Ini","2020-02-20","21:55","Seni & Budaya"
"30 Kawasan Permukiman di Jakut Ditarget Jadi Gang Hijau","2020-02-20","21:20","Kesra"
"Wirausaha Muda Kreatif di Kota Tua Dapat Pelatihan Bisnis","2020-02-20","20:09","Ekonomi"
"Sekda Lantik 327 Pejabat Fungsional","2020-02-20","20:02","Jakarta Hari Ini"
"Bank DKI Pegang Peran Penting Wujudkan Sinergi BUMD","2020-02-20","19:41","BUMD"
"Sudin Pusip Jaksel Targetkan Bina 30 UKPD Terkait Kearsipan","2020-02-20","19:11","Pemerintahan"
"Ribuan UKM di Jaksel akan Difasilitasi dalam Pemasaran ","2020-02-20","19:06","Ekonomi"
"ASN di Jakpus Diajak Bercocok Tanam Urban Farming","2020-02-20","19:01","Kesra"
"UP3D Tanjung Priok Segel Reklame SPBU Penunggak Pajak","2020-02-20","18:50","Jakarta Hari Ini"
"Saluran dan Tampungan Air di Kwitang Diperbaiki","2020-02-20","18:27","Lintas Kota"
"TMA di Pintu Air Manggarai Berstatus Waspada ","2020-02-20","18:26","Jakarta Hari Ini"
"Pemkab dan KPAI Bahas Program Aplikasi SIMEP ","2020-02-20","18:10","Pemerintahan"
" Petugas Tangani Turap Longsor di Lubang Buaya","2020-02-20","18:04","Jakarta Hari Ini"
"Pemprov DKI Bakal Adakan Naturale Market","2020-02-20","17:53","Ekonomi"
"Bedah Rumah Duafa Bersama Baznas Bazis DKI, Anies Ingin Percepat Peningkatan Kesejahteraan Warga","2020-02-20","17:44","Kesra"
"Pemprov DKI Terus Sigap Antisipasi Banjir ","2020-02-20","17:02","Jakarta Hari Ini"
"Sudinhub Jakpus Terapkan Rekayasa Lalin di Beberapa Titik Kemacetan","2020-02-20","16:50","Transportasi"
"Bupati Instruksikan Lurah dan Camat Bantu Petugas Sensus ","2020-02-20","16:45","Pemerintahan"
"15 Unit Pemadam Atasi Kebakaran Gudang di Rorotan","2020-02-20","16:43","Jakarta Hari Ini"
"Warga Kepulauan Seribu Utara Disosialisasikan Penyelenggaraan PKT ","2020-02-20","15:46","Kesra"
"Bapenda Gandeng Tiga Bank Pemerintah Terapkan Pelaporan Pajak Online","2020-02-20","15:05","Ekonomi"
"Sudinhub Jaksel Antisipasi Kemacetan di Jl Casablanca","2020-02-20","14:41","Transportasi"
"Wali Kota Jakpus Resmikan JP Farm","2020-02-20","14:13","Kesra"
"Murid TK di Pulau Tidung Dikenalkan Profesi Petugas Gulkarmat ","2020-02-20","14:04","Pendidikan"
"Musrenbang Kecamatan Ciracas Bahas 435 Usulan","2020-02-20","13:49","Pembangunan"
"Pohon Tumbang di Jl S Parman Sudah Dievakuasi","2020-02-20","13:20","Jakarta Hari Ini"
"60 Sanggar Seni di Jaksel Dapat Pembinaan","2020-02-20","13:15","Seni & Budaya"
"PT Jakpro Perkuat Kolaborasi Kurangi Sampah di Jakarta","2020-02-20","12:48","BUMD"
"Dinas PPKUKM Lakukan Pengawasan Alat UTTP di  Cikini Gold Centre","2020-02-20","12:20","Ekonomi"
"Puing Sisa Kebakaran di Sekolah Sentosa Dibersihkan","2020-02-20","12:14","Lintas Kota"
"Kebakaran Rumah di Lubang Buaya Berhasil Dipadamkan","2020-02-20","11:25","Jakarta Hari Ini"
"Sekko Jaktim Sidak ke Kantor Kelurahan Lubang Buaya","2020-02-20","11:10","Lintas Kota"
"DPRD DIY Puji Pertanian Perkotaan di Jakarta","2020-02-20","11:07","Legislatif"
"30 Petugas PPSU Pluit Bersihkan Saluran di Muara Angke","2020-02-20","10:49","Banjir"
"SDA Jakut Siagakan Pompa Mobile di Lokasi Rawan Genangan","2020-02-20","10:35","Banjir"
"20 Pohon Sukun Ditanam di Pulau Lancang ","2020-02-20","10:24","Kesra"
"Petugas PPSU Perbaiki Saluran Air di Jl Cipinang Indah Raya II","2020-02-20","09:41","Jakarta Hari Ini"
"Kepala Dinas Gulkarmat Sosialisasikan Upaya Preventif Cegah Kebakaran","2020-02-20","08:43","Lintas Kota"
"Jakarta Bakal Diguyur Hujan Hari Ini","2020-02-20","08:05","Jakarta Hari Ini"
"Produk Minuman Khas Jakarta Dipasarkan ke Pengusaha Hotel","2020-02-19","21:51","Ekonomi"
"Pemkot Jaktim Libatkan RW dalam Pengelolaan Sampah","2020-02-19","19:42","Lintas Kota"
"Musrenbang Kecamatan Duren Sawit Bahas 878 Usulan","2020-02-19","18:47","Pembangunan"
"Petugas Gabungan Kerja Bakti Bersihkan Saluran di Menteng","2020-02-19","18:16","Lintas Kota"
" 267 Petugas Bersihkan Sampah di Sisi Barat Pulau Lancang ","2020-02-19","17:47","Lintas Kota"
"Dinas KPKP Panen 718 Kilogram Jagung ","2020-02-19","17:11","Ekonomi"
"Sah, Tatib DPRD DKI Terdiri dari 20 Bab dan 214 Pasal","2020-02-19","17:07","Legislatif"
" 51 Kendaraan Penunggak Pajak Terjaring Razia di PIK","2020-02-19","16:56","Jakarta Hari Ini"
"Komisi E Adakan Rapat Dengar Pendapat Revitalisasi Kawasan Monas","2020-02-19","16:33","Legislatif"
"Lingkungan RW di Jakpus akan Ditata Tahun Ini","2020-02-19","15:52","Pembangunan"
"Perbaikan Turap Kali Baru Timur Sudah 85 Persen","2020-02-19","15:30","Lintas Kota"
"Pengurus DWP DKI Periode 2019-2024 Dikukuhkan","2020-02-19","15:08","Pemberdayaan Perempuan"
"Melihat Keseruan Anak-anak Menggambar di RPTRA Sungai Bambu","2020-02-19","14:52","Seni & Budaya"
"Puskesmas Kepulauan Seribu Selatan Sosialisasikan Kesehatan Gigi ","2020-02-19","14:29","Kesehatan"
"Antusiasnya Warga Ikuti Sosialisasi Kebakaran di RPTRA Anggrek Bintaro","2020-02-19","14:00","Lintas Kota"
"Bapenda Ajukan Revisi Tiga Perda","2020-02-19","13:44","Ekonomi"
"500 Murid PAUD di Johar Baru Terima Program Basuma","2020-02-19","13:34","Kesra"
"Penanganan Genangan Mengemuka di Musrenbang Kecamatan Makasar","2020-02-19","13:05","Pembangunan"
"Bahagianya Dewani Miliki Rumah Layak Huni ","2020-02-19","12:57","Warga  Bicara"
"Jamban Apung di Pulau Kelapa Ditertibkan ","2020-02-19","12:45","Jakarta Hari Ini"
"Lima Pasar di Jaksel Dipastikan Aman dari Bahan Berbahaya","2020-02-19","12:11","Kesehatan"
"Petugas Evakuasi Ular Sanca dari Kawasan Dermaga di Pulau Lancang","2020-02-19","10:45","Jakarta Hari Ini"
"Pemkot Jaktim akan Bangun Gedung Baru Kantor Kelurahan Kramat Jati","2020-02-19","09:10","Pembangunan"
"30 Pendaftar Terpilih Jadi Kontestan Miss K3 Awards","2020-02-19","08:44","Lintas Kota"
"Sudin Dukcapil Jakbar Terbitkan 161 Dokumen Kependudukan ","2020-02-18","22:41","Lintas Kota"
"Warga Cililitan Ikuti Sosialisasi Pengembangan Kewirausahaan Terpadu","2020-02-18","22:30","Lintas Kota"
"Musrenbang Kecamatan Kemayoran Bahas 648 Usulan","2020-02-18","22:28","Pembangunan"
"Pejabat Pemkot Jakut Disosialisasikan Sensus Penduduk 2020","2020-02-18","22:09","Pemerintahan"
"Pendaftaran Pemilihan Abnon Jakarta Barat Masih Dibuka","2020-02-18","19:29","Seni & Budaya"
"Dinas PPKUKM Bakal Cek Ketersediaan Masker di Pasaran","2020-02-18","19:17","Kesehatan"
"8.935 Warga Gunakan Aplikasi Layanan Kependudukan Alpukat Betawi","2020-02-18","18:17","Lintas Kota"
"Tiga Depo Sampah di Penjaringan akan Budidayakan Cacing","2020-02-18","17:51","Lintas Kota"
"Peserta Pelatihan di PPKPI Pasar Rebo Diberi Penyuluhan Bahaya Narkoba","2020-02-18","17:31","Jakarta Hari Ini"
"Musrenbang Kecamatan Kembangan Sepakati 348 Usulan","2020-02-18","16:54","Pembangunan"
"Geliat Komunitas Batik Rusun Pulogebang Lestarikan Batik Tulis","2020-02-18","16:47","LENGGANG JAKARTA"
"12 PLTS akan Dipasang di Jakpus Tahun Ini","2020-02-18","16:37","Pembangunan"
"DPRD Segera Tetapkan Panlih Wagub DKI","2020-02-18","16:24","Legislatif"
"562 Usulan Dibahas di Musrenbang Kecamatan Kramat Jati","2020-02-18","16:16","Pembangunan"
"Perumda Pasar Jaya Bakal Gelar Try Out USBN SD/MI","2020-02-18","16:07","BUMD"
"Pembuatan 10 Sumur Resapan di Pulau Kelapa Rampung","2020-02-18","15:39","Pembangunan"
"Puluhan Pelajar di Kepulauan Seribu Ikuti Bimtek Promosi Pariwisata","2020-02-18","15:28","Wisata & Kuliner"
"Pemilihan Wagub DKI Disepakati Melalui Voting Tertutup","2020-02-18","15:12","Legislatif"
"Mengintip Serunya Bermain di Taman Palem Koja","2020-02-18","14:42","LENGGANG JAKARTA"
"Dinas KPKP Optimalkan Toko Tani Indonesia Jaga Stabilitas Harga Pangan","2020-02-18","14:37","Ekonomi"
"Kecamatan Senen Didorong Kembangkan Wisata Religi","2020-02-18","14:28","Lintas Kota"
"Saluran PHB Sekretaris di Kebayoran Lama Dikuras","2020-02-18","14:10","Lintas Kota"
"Gerakan Sedekah Minyak Jelantah di Sukapura Sasar Sekolah","2020-02-18","13:54","Kesra"
"Ada Pengerjaan Underpass Senen, Transjakarta Harmoni - Pulogadung Dialihkan","2020-02-18","13:37","BUMD"
"Petugas Gabungan Tertibkan Alat Tangkap Ikan Tak Sesuai Aturan","2020-02-18","13:17","Jakarta Hari Ini"
"Wali Kota Jaksel Periksa Produk Pangan di Pasar Cidodol","2020-02-18","12:51","Lintas Kota"
"Musrenbang Kecamatan Kalideres Sepakati 263 Usulan","2020-02-18","12:25","Pembangunan"
"Warga dan Petugas PPSU di Kecamatan Makasar Dapat Bantuan Sembako","2020-02-18","11:57","Kesra"
"Sosialisasi Pemilahan Sampah Digencarkan di Pulau Panggang","2020-02-18","11:42","Lintas Kota"
"Produk Urban Farming di RPTRA Taman Anggrek Diminati Warga","2020-02-18","11:20","Kesra"
"Pegawai Puskesmas Diedukasi Penanganan Dini Kebakaran","2020-02-18","11:19","Jakarta Hari Ini"
"Kepala Dinas Gulkarmat Ajak Warga Semakin Peduli Bahaya Kebakaran","2020-02-18","09:52","Lintas Kota"
"Jakarta Diprediksi Diguyur Hujan Hari Ini","2020-02-18","07:38","Jakarta Hari Ini"
"Pemkot Jakut Matangkan Persiapan Baksos MNEK 2020","2020-02-17","22:11","Lintas Kota"
"Pemkot Jaksel Gencarkan Sosialisasi Pengelolaan Sampah ","2020-02-17","21:57","Lintas Kota"
"BPS Jakarta Barat Sosialisasikan Sensus Penduduk Online","2020-02-17","20:38","Fokus"
"Warga Terdampak Banjir di Cipinang Melayu Dapat Bantuan","2020-02-17","20:14","Kesra"
"20 Tim Daftar Jadi Peserta Turnamen Voli Kepulauan Seribu","2020-02-17","20:06","Olahraga"
"Ketua Komisi E Apresiasi Gerakan Jakarta Memanggil","2020-02-17","19:43","Legislatif"
"Puluhan U Ditch Dipasang di Saluran Lakespra Cikoko","2020-02-17","19:36","Lintas Kota"
"Penyusunan Tatib Pemilihan Wagub DKI Mengacu Rekomendasi Kemendagri RI","2020-02-17","18:21","Legislatif"
"Puluhan Warga Kepulauan Seribu Utara Ikuti Pelatihan Bank Sampah","2020-02-17","18:18","Kesra"
"Wali Kota Jaksel Tinjau Pelaksanaan Seleksi CPNS ","2020-02-17","18:15","Pemerintahan"
"Dewan Apresiasi Aplikasi Carik Jakarta","2020-02-17","18:11","Legislatif"
"Perayaan HUT RPTRA Budi Mulia Dimeriahkan Beragam Kegiatan","2020-02-17","18:09","Kesra"
"Warga Kepulauan Seribu Selatan Diedukasi Pemilahan Sampah","2020-02-17","17:52","Jakarta Hari Ini"
"Musrenbang Kecamatan Pasar Rebo Bahas 385 Usulan","2020-02-17","17:46","Pembangunan"
"Pergub Penyelenggaraan PKT Disosialisasikan di Kepulauan Seribu Selatan","2020-02-17","17:37","Ekonomi"
"Rumah Pompa Bulak Cabe akan Diperkuat Saringan Sampah Otomatis","2020-02-17","16:40","Banjir"
"Perumda Pembangunan Sarana Jaya Hadir di Indonesia Property Expo","2020-02-17","16:18","BUMD"
"Pembangunan Akses Jalan Pantai Cikaya Dikebut","2020-02-17","16:00","Pembangunan"
"Kepala Dinas KPKP Edukasi Pelajar Tentang Kesehatan Hewan","2020-02-17","15:48","Jakarta Hari Ini"
"Petugas PPSU Bantu Bersihkan Lumpur Sisa Genangan di Kampung Melayu","2020-02-17","15:17","Jakarta Hari Ini"
"150 Pelaku UKM di Jaksel Dibekali Pelatihan Manajemen Ritel","2020-02-17","14:41","Ekonomi"
"Posko Kesehatan Disediakan untuk Peserta Tes CPNS","2020-02-17","14:33","Kesehatan"
"Yayasan Korpri Fasilitasi Kepemilikan Rumah ASN Pemkab Kepulauan Seribu ","2020-02-17","14:24","Lintas Kota"
"Andri Yansyah Motivasi Peserta Pelatihan di PPKPI Pasar Rebo","2020-02-17","14:09","Jakarta Hari Ini"
"Pemprov DKI Sepakati Kontrak Kerja CP 201 Pembangunan MRT Fase 2a Bundaran HI-Harmoni","2020-02-17","13:55","Transportasi"
"  BPS Kepulauan Seribu Sosialisasikan Sensus Penduduk Online","2020-02-17","13:40","Jakarta Hari Ini"
"Anggota Komisi E Ini Serap Asprasi Warga Susukan","2020-02-17","13:31","Legislatif"
"Cegah Abrasi Aliran Sungai Ciliwung, Anies Dukung Langkah Kopassus Tanam Akar Wangi","2020-02-17","13:15","Lintas Kota"
"Dispora Perbaiki Rumput di Tiga Lapangan Sepak Bola","2020-02-17","12:28","Olahraga"
"Belasan Ribu CPNS Ikuti Tes di Kantor Wali Kota Jakbar","2020-02-17","11:40","Pemerintahan"
"Pelatihan Literasi Digelar di RPTRA Anggrek Bintaro ","2020-02-17","11:14","Pendidikan"
"Bank DKI - PT LRT Jakarta Tingkatkan Kerja Sama","2020-02-17","11:09","BUMD"
"Petugas Evakuasi Ular Sanca dari Dalam Rumah Warga","2020-02-17","09:47","Jakarta Hari Ini"
"Hari Ini Jakarta akan Diguyur Hujan","2020-02-17","08:21","Jakarta Hari Ini"
"Aksi Pengurangan dan Pemilahan Sampah Digencarkan di Balai Kota","2020-02-16","18:42","Lintas Kota"
"Gedung Baru Puskeswan Dinas KPKP Rampung Dibangun","2020-02-16","14:11","Pembangunan"
"Pemprov DKI Jakarta Runners Peringati HUT ke-2","2020-02-16","12:02","Olahraga"
"Festival Pulau Untung Jawa Dikunjungi Ribuan Wisatawan","2020-02-16","11:13","Wisata & Kuliner"
"Ular Sanca Dievakuasi dari Permukiman Warga di Pulau Untung Jawa","2020-02-16","09:26","Jakarta Hari Ini"
"Sejumlah Wilayah di Jakarta Diprediksi Diguyur Hujan ","2020-02-16","08:24","Jakarta Hari Ini"
"Pendaftaran Abnon Jakpus 2020 Masih Dibuka","2020-02-15","21:04","Seni & Budaya"
"Tim Kadarkum Warakas Matangkan Persiapan ke Lomba Tingkat Nasional","2020-02-15","19:22","Pemerintahan"
"Sekretaris Komisi D DPRD DKI Santuni Anak Yatim","2020-02-15","19:16","Legislatif"
"PPKPI Pasar Rebo Terapkan Ingub Pengurangan dan Pemilahan Sampah","2020-02-15","18:15","Lintas Kota"
"Penghuni Rusun Pulogebang Ikuti Talkshow Wirausaha","2020-02-15","16:06","Kesra"
"Kebakaran di Mangga Besar Hanguskan 20 Rumah","2020-02-15","14:48","Jakarta Hari Ini"
"PT LRT Berbagi Kebahagiaan dengan Anak Yatim","2020-02-15","14:04","BUMD"
"Kebakaran di Mangga Besar Berhasil Dipadamkan","2020-02-15","13:12","Jakarta Hari Ini"
"291 Pelajar di Jaksel Sudah Lakukan Perekaman Data KTP-el","2020-02-15","12:59","Lintas Kota"
"Kerja Sama Bank DKI - Cartenz Group Tingkatkan PAD","2020-02-15","12:20","Ekonomi"
"Sudin Gulkarmat Jaksel Basmi Hama Ulat Bulu di Jati Padang","2020-02-15","10:29","Lintas Kota"
"Sejumlah Wilayah di Jakarta akan Diguyur Hujan","2020-02-15","08:18","Jakarta Hari Ini"
"28 RW di Tanjung Priok Disiapkan Jadi Percontohan Pengelolaan Sampah","2020-02-14","19:45","Kesra"
"Melihat Eksistensi TSC Belajar Biola di Ruang Terbuka","2020-02-14","19:40","Seni & Budaya"
"Biro Umum Terus Intensifkan PSN di Balai Kota ","2020-02-14","18:40","Kesehatan"
"Warga Binaan Sosial PSP Bhakti Kasih Diberi Pelatihan Meditasi","2020-02-14","18:25","Kesehatan"
"55 Anak di Kelapa Gading Timur Diberikan Vitamin A","2020-02-14","17:38","Kesehatan"
"Musrenbang Kecamatan Palmerah Sepakati 458 Usulan","2020-02-14","17:23","Pembangunan"
"Hadirkan Keadilan Sosial di Jakarta, Anies Pimpin Peletakan Batu Pertama Rumah Ibadah Hindu Tamil","2020-02-14","16:45","Jakarta Hari Ini"
"Dua Titik Jalan Rusak di Sawah Besar Diperbaiki","2020-02-14","16:10","Lintas Kota"
"Petugas PPSU Pulau Pari Evakuasi Ular Sanca Sepanjang Empat Meter","2020-02-14","16:02","Jakarta Hari Ini"
"53 Usulan Dibahas di Musrenbang Kelurahan Pinang Ranti","2020-02-14","15:35","Pembangunan"
"ASN di Kepulauan Seribu Disosialisasikan Pengurangan Sampah Plastik ","2020-02-14","15:25","Lintas Kota"
"Operator Robot Pemadam Kebakaran dan Penyelamatan Berlisensi Internasional","2020-02-14","15:13","Lintas Kota"
"Sudin SDA Jakpus Buat Saluran di Jatibaru Bengkel","2020-02-14","14:40","Pembangunan"
"Dinas KPKP Labelisasi Pohon Induk Buah","2020-02-14","14:23","Jakarta Hari Ini"
"Kecamatan Kembangan Kerja Bakti di Kawasan Sentra Primer Barat","2020-02-14","14:05","Lintas Kota"
"Mengintip Kesenian Lenong di Sanggar Seni Betawi Bintang Timur","2020-02-14","13:37","Seni & Budaya"
"Pelatihan IKM di Jakbar Ditarget Diikuti 2.240 Peserta","2020-02-14","13:36","Kesra"
" Tiga Pilar di Kelurahan Pulau Kelapa Monitoring Pulau Resort","2020-02-14","13:18","Wisata & Kuliner"
"TP PKK Kepulauan Seribu Senam Bersama Kader Jumantik di Pulau Kelapa","2020-02-14","13:11","Olahraga"
"440 Peserta Ikuti Pelatihan Keterampilan di Pasar Rebo","2020-02-14","11:45","Kesra"
"Tahun Ini Pemprov DKI-DMI Fasilitasi Imam Masjid Umrah Gratis","2020-02-14","11:12","Lintas Kota"
"Kader PKK di Kepulauan Seribu Ikuti Bimtek Tertib Administrasi","2020-02-14","10:47","Pemberdayaan Perempuan"
"Petugas Berhasil Evakuasi Ular Kobra dari Permukiman Warga","2020-02-14","09:32","Jakarta Hari Ini"
"Warga Gelar Tasyakuran HUT ke-66 Pulau Untung Jawa","2020-02-14","09:20","Lintas Kota"
"Sebagian Wilayah Jakarta akan Diguyur Hujan","2020-02-14","08:16","Jakarta Hari Ini"
"Bapenda DKI Optimalisasi Penerimaan PKB dan BBN-KB","2020-02-14","00:28","Jakarta Hari Ini"
"Karang Taruna di Jaksel Diberi Pelatihan Barista","2020-02-13","21:10","Jakarta Hari Ini"
"Dinas LH Ajak Warga Pilah Sampah Sejak Dini","2020-02-13","20:28","Lintas Kota"
"Musrenbang Kecamatan Cengkareng Bahas 732 Usulan","2020-02-13","19:50","Pembangunan"
"DPRD Dorong Pembangunan Puskesmas di Sawah Besar Direalisasikan","2020-02-13","19:21","Legislatif"
"Musrenbang Kecamatan Menteng Bahas 133 Usulan","2020-02-13","18:24","Pembangunan"
"52 Hewan Peliharaan Warga Tebet Divaksinasi Rabies","2020-02-13","17:54","Kesehatan"
"DPRD Musi Banyuasin Pelajari Pertanian Perkotaan di Jakarta ","2020-02-13","17:37","Jakarta Hari Ini"
"Instruktur Seni dan Budaya di Jakbar Diberi Pengarahan","2020-02-13","17:29","Seni & Budaya"
"Anies Berharap Donasi Melalui Bulan Dana PMI Terus Meningkat","2020-02-13","16:48","Kesra"
"Musrenbang Kecamatan Koja Sepakati 405 Usulan","2020-02-13","16:37","Pembangunan"
"Tim Penilai Lomba Sekolah Sehat Nasional Sambangi SDN Bambu Apus 04","2020-02-13","16:05","Pendidikan"
"Komisi B Dukung Stabilisasi Harga Bawang Putih dan Cabai ","2020-02-13","15:45","Ekonomi"
"Dinas Gulkarmat DKI Miliki Robot Canggih Pemadam Kebakaran","2020-02-13","15:34","Fokus"
"Jakpus Gencarkan Sosialisasi Pengelolaan Sampah hingga Tingkat RW","2020-02-13","15:10","Kesra"
"Pemkab Kepulauan Seribu Optimalkan Penataan Pulau Tidung","2020-02-13","15:03","Pembangunan"
"Petugas Gabungan Lakukan Pengawasan Produk Pangan di Lima Pasar Tradisional","2020-02-13","14:50","Jakarta Hari Ini"
"Terus Meningkat Setiap Tahun, Anies Apresiasi Capaian Bulan Dana PMI DKI Jakarta 2019 Sebesar Rp 26,9 Miliar","2020-02-13","14:44","Fokus"
"Pembangunan Puskesmas Jadi Usulan Prioritas Musrenbang Sawah Besar","2020-02-13","14:18","Pembangunan"
"Bupati Apresiasi Adanya Sosialisasi Rencana Eksplorasi Minyak","2020-02-13","14:10","Lintas Kota"
"PT Transjakarta Tambah Rute Stasiun Manggarai - Tosari","2020-02-13","13:39","BUMD"
"Bank DKI Bakal Paparkan Kiat Pengendalian Inflasi","2020-02-13","13:35","BUMD"
"Kelurahan Kebon Baru Dipercantik Lukisan Mural","2020-02-13","13:14","Lintas Kota"
"ASN Kepulauan Seribu Disosialisasi Pencegahan Tipikor dan Gratifikasi","2020-02-13","13:05","Pemerintahan"
"12.400 Jakpreneur di Jaksel akan Diberdayakan Tahun Ini","2020-02-13","12:33","Ekonomi"
"Musrenbang Kelurahan Batu Ampar Bahas 86 Usulan","2020-02-13","12:24","Pembangunan"
" Dinas PPKUKM Beri Pelatihan Animasi Bagi Murid SMK","2020-02-13","11:17","Pendidikan"
"Ketua Komisi B Minta PT Transjakarta Percepat Penggunaan Bus Listrik","2020-02-13","10:51","Transportasi"
"Turap Saluran PHB Jl Pemuda Diperbaiki","2020-02-13","09:19","Jakarta Hari Ini"
"Sebagian Wilayah Jakarta akan Diguyur Hujan","2020-02-13","08:17","Jakarta Hari Ini"
"Musrenbang Kecamatan Tanjung Priok Sepakati 916 Usulan","2020-02-12","21:09","Pemerintahan"
"Berlatih Sepatu Roda Bareng Jakarta Inline Skate Community","2020-02-12","20:01","Olahraga"
"Melihat Urban Farming di Tengah Permukiman Padat di Kembangan Utara","2020-02-12","19:44","Kesra"
"Komisi D DPRD DKI Ingin Revitalisasi Monas Berjalan dengan Baik ","2020-02-12","18:22","Legislatif"
"Guru Ngaji dan Marbut di Cengkareng Terima Dana ZIS","2020-02-12","18:07","Kesra"
"Dinkes DKI Targetkan Jakarta Bebas HIV/AIDS di Tahun 2030","2020-02-12","17:54","Kesehatan"
"Komisi A Bahas Kewajiban Fasos-Fasum Pengembang","2020-02-12","17:42","Legislatif"
"Musrenbang Kecamatan Cempaka Putih Didominasi Usulan Perbaikan Saluran","2020-02-12","17:30","Pembangunan"
"Dinas Pertamanan dan Hutan Kota Verifikasi Pengadaan Lahan untuk RTH","2020-02-12","17:25","Jakarta Hari Ini"
"Musrenbang Kecamatan Johar Baru Sepakati 258 Usulan ","2020-02-12","16:33","Pembangunan"
"113  Usulan Dibahas di Musrenbang Kelurahan Cipinang Muara","2020-02-12","16:18","Pembangunan"
"264 Kendaraan Parkir Liar di Setiabudi Ditertibkan","2020-02-12","15:32","Lintas Kota"
"Wali Kota Jaktim Ingatkan Kembali Pentingnya Usulan Non Fisik","2020-02-12","15:11","Pembangunan"
"Saluran di Jl Tebet Timur Dalam Raya Dibersihkan","2020-02-12","14:32","Lintas Kota"
"74 Usulan Dibahas di Musrenbang Kelurahan Munjul","2020-02-12","14:21","Pembangunan"
"Renovasi Gedung Mitra Praja Sunter Rampung","2020-02-12","14:05","Lintas Kota"
"Rute Mikrotrans Jak 80 dan Jak 52 Dialihkan","2020-02-12","13:55","BUMD"
"Tempat Sampah Pilah Diperbanyak di Kantor Dinas KPKP","2020-02-12","13:52","Lintas Kota"
"Kebakaran Rumah di Cengkareng Berhasil Dipadamkan","2020-02-12","13:21","Jakarta Hari Ini"
"Musrenbang Kepulauan Seribu Selatan Bahas 40 Usulan Warga","2020-02-12","13:11","Pemerintahan"
"Ada Perbaikan Wesel KRL, PT Transjakarta Tambah Armada","2020-02-12","12:58","BUMD"
"Ayo Datang ke Festival Pulau Untung Jawa","2020-02-12","12:34","Wisata & Kuliner"
"Perumda Pasar Jaya Bakal Selenggarakan Try Out UN, Catat Tanggalnya!","2020-02-12","12:17","BUMD"
"Sidak, Sekko Jaktim Minta ASN Berikan Layanan Prima","2020-02-12","11:23","Pemerintahan"
"Anggota DPRD Ini Serap Aspirasi Warga di Kepulauan Seribu","2020-02-12","10:57","Kesra"
"Sosialisasi Virus Corona Digencarkan di Kepulauan Seribu Utara ","2020-02-12","10:19","Kesehatan"
"Petugas Evakuasi Ular Sepanjang Tiga Meter dari Permukiman Warga","2020-02-12","09:47","Lintas Kota"
"Dispusip Adakan Bimtek Bagi 154 Tenaga Pengelola Perpustakaan","2020-02-12","08:54","Lintas Kota"
"Dalam Semalam, Petugas Evakuasi Lima Sarang Tawon di Jaktim","2020-02-12","08:48","Jakarta Hari Ini"
"Hari Ini Sebagian Wilayah Jakarta akan Diguyur Hujan","2020-02-12","08:13","Jakarta Hari Ini"
" Musrenbang Kelurahan Pondok Bambu Bahas 133 Usulan","2020-02-11","23:33","Pembangunan"
"Korban Kebakaran di Maphar Diberikan Pendampingan Psikososial","2020-02-11","23:17","Kesehatan"
"PKK Jakpus Dorong Pelatihan Tari di RPTRA Lebih Beragam","2020-02-11","21:50","Kesra"
"Wali Kota Jakbar Ajak ASN dan Masyarakat Lapor Pajak Tahunan","2020-02-11","21:35","Pemerintahan"
"120 Guru BK Ikuti Sosialisasi Kejiwaan Anak","2020-02-11","21:21","Pendidikan"
"Wakil Wali Kota Jaktim Dorong Usulan Non Fisik Diperbanyak ","2020-02-11","21:14","Pembangunan"
"64 Kendaraan Parkir Liar di Jl Budi Mulia Ditindak","2020-02-11","20:57","Lintas Kota"
"Realisasi Bulan Dana PMI di Jakut Lampaui Target","2020-02-11","20:00","Kesra"
"247 Usulan Disepakati dalam Musrenbang Penjaringan","2020-02-11","19:47","Pembangunan"
"Musrenbang Kecamatan Cilandak Bahas 384 Usulan","2020-02-11","18:50","Pembangunan"
"19 Pelatihan Seni akan Digelar di PPSB Rawa Buaya ","2020-02-11","18:43","Seni & Budaya"
"Petugas Gabungan Tangani Turap Longsor di Jl Deplu Raya","2020-02-11","17:22","Lintas Kota"
"Sekda DKI Apresiasi Keputusan Ketua Komisi Pengarah Soal Formula E","2020-02-11","17:17","Fokus"
"Mimpi Suhardina Miliki Rumah Layak Huni Akhirnya Terwujud","2020-02-11","17:08","Kesra"
"Ketua Komisi B Ingin Pengusaha Lokal Tingkatkan Daya Saing","2020-02-11","16:37","Legislatif"
"Pemkot Jakpus Silaturahmi dengan Perkumpulan Werdatama Jaya","2020-02-11","16:30","Kesra"
"57 RPTRA di Jakarta Barat Bakal Gelar Pelatihan Seni Budaya","2020-02-11","16:27","Seni & Budaya"
"Jalan Berlubang di Senen Diaspal","2020-02-11","16:22","Lintas Kota"
"Dinkes-KAHMI Jaya Adakan Diskusi Peningkatan Layanan Kesehatan","2020-02-11","15:51","Kesehatan"
"Musrenbang Kepulauan Seribu Utara Bahas 70 Usulan","2020-02-11","15:13","Jakarta Hari Ini"
"Uji Coba Satu Arah, Arus Lalin Jl Sumur Bor Lancar ","2020-02-11","15:02","Lintas Kota"
"Kejuaraan Atletik Tingkat SD di Kepulauan Seribu Pertandingkan Dua Nomor Lomba","2020-02-11","14:45","Olahraga"
"Sudinkes Jaksel Bentuk Kader Dokter Gigi Kecil di Sekolah","2020-02-11","14:36","Kesehatan"
"Dinas KPKP Bantu 1.000 Benih Ikan Bagi Pokdakan di Kepulauan Seribu","2020-02-11","14:09","Jakarta Hari Ini"
"IKD DPRD DKI Adakan Pelatihan Visual Poise dan Social Graces","2020-02-11","13:48","Legislatif"
"Dinas SDA Perbanyak Sumur Resapan Tahun Ini","2020-02-11","13:14","Lintas Kota"
"Petugas Sudin Gulkarmat Evakuasi Truk Terperosok di Duren Sawit","2020-02-11","12:50","Jakarta Hari Ini"
"Tiga Sektor Ini Paling Diminati Investor Asing","2020-02-11","12:25","Ekonomi"
"PPSU Sukapura Buat Tong Sampah Pilah dari Barang Bekas","2020-02-11","12:21","Lintas Kota"
"Kebakaran Pos RW di Krukut Berhasil Dipadamkan","2020-02-11","12:15","Jakarta Hari Ini"
"PPKD Jaktim Tawarkan Pelatihan Kerja di Musrenbang","2020-02-11","12:04","Kesra"
"Sudin Parekraf Kepulauan Seribu Perbaiki Spot Swafoto Ombak Menari","2020-02-11","11:20","Wisata & Kuliner"
"Usulan Fisik Mendominasi dalam Musrenbang Kelurahan Lubang Buaya","2020-02-11","10:48","Pembangunan"
"Petugas Berhasil Evakuasi Sarang Tawon dari Homestay di Pulau Tidung","2020-02-11","10:17","Jakarta Hari Ini"
"Hari Ini Jakarta Diprediksi Hujan","2020-02-11","08:15","Jakarta Hari Ini"
"Akhir Pekan Ini, Pemkot Jakpus Gelar HBKB di Gambir","2020-02-10","22:02","Fokus"
"KPC Gema Bersuci Bantu UPK Badan Air Bersihkan Ciliwung","2020-02-10","21:15","Lintas Kota"
"Ada 138 Usulan Dibahas dalam Musrenbang Kelurahan Pondok Kelapa","2020-02-10","21:01","Pembangunan"
"Lembaga Pendidikan Pelajari Pertanian Perkotaan di Kembangan","2020-02-10","20:47","Kesra"
"Program PKT di Jaksel Dimulai April ","2020-02-10","20:35","Ekonomi"
"67 Usulan Dibahas dalam Musrenbang Kelurahan Ujung Menteng","2020-02-10","20:24","Pembangunan"
"Komisi A Terima Audiensi Warga Tebet Dalam I","2020-02-10","19:57","Legislatif"
"18 Pejabat Administrator Dinas KPKP Tanda Tangani Perjanjian Kinerja ","2020-02-10","19:35","Pemerintahan"
"Petugas Bersihkan Sampah Sisa Banjir di Kampung Melayu","2020-02-10","19:28","Jakarta Hari Ini"
" Pemprov DKI Jakarta Pastikan Banjir Underpas Kemayoran Surut Dalam Waktu Relatif Singkat","2020-02-10","19:22","Lintas Kota"
"ATM Bank DKI Masih Sediakan Nominal Rp 20 Ribu","2020-02-10","18:41","BUMD"
"Kelurahan Kebon Baru Aktifkan Kembali Bank Sampah","2020-02-10","18:31","Kesra"
"Kebakaran Rumah Warga di Rawa Barat Berhasil Dipadamkan","2020-02-10","18:03","Lintas Kota"
"PMI Kepulauan Seribu Bagikan 1.000 Masker","2020-02-10","17:32","Kesehatan"
"Musrenbang Kelurahan Bambu Apus Bahas 56 Usulan","2020-02-10","17:19","Pembangunan"
"Ahli Waris Kader Jumantik di Jakut Terima Santunan Kematian","2020-02-10","16:45","Kesra"
"Pemkot Jakpus Kebut Pendataan Dasa Wisma Hingga Akhir Februari","2020-02-10","16:39","Lintas Kota"
"Bamus DPRD Adakan Rapat Penetapan Perubahan Jadwal Pengesahan Tatib ","2020-02-10","16:34","Legislatif"
"Petugas Evakuasi Biawak dari Permukiman Warga Pulau Tidung","2020-02-10","16:18","Jakarta Hari Ini"
"Dinas PPKUKM Targetkan 43.000 Warga Dilatih Jadi Jakpreneur ","2020-02-10","16:01","Ekonomi"
"Atlantis Water Adventures Targetkan 920 Ribu Pengunjung Tahun Ini","2020-02-10","15:46","BUMD"
"Arus Lalu Lintas di Underpass Kemayoran Kembali Normal","2020-02-10","15:38","Transportasi"
"PPSU dan Kader PKK di Pulau Tidung Budi Daya Kelor ","2020-02-10","15:14","Lintas Kota"
"Tali Air di Jalan Rasuna Said Diperbaiki","2020-02-10","15:08","Lintas Kota"
"Nikmatnya Seruput Kopi Sumba di Kalogha Humba Coffee","2020-02-10","15:03","Wisata & Kuliner"
"Sekda Resmikan Empat Kantor Lurah di Jakarta Timur","2020-02-10","14:57","Pemerintahan"
"Program Go Jakfarm Targetkan Penanaman 200.000 Pohon Tahun Ini","2020-02-10","14:44","Jakarta Hari Ini"
"Peserta Didik di Pulau Tidung Diedukasi Pencegahan Penyakit Menular","2020-02-10","10:29","Kesehatan"
"Kerugian Akibat Kebakaran Kios di Lokasari Rp 180 Juta","2020-02-10","08:44","Jakarta Hari Ini"
"Sebagian Wilayah Jakarta akan Diguyur Hujan","2020-02-10","08:19","Jakarta Hari Ini"
"Sudin Dukcapil Jaksel Urus 1.288 Layanan di HBKB Antasari","2020-02-09","21:20","Pemerintahan"
"Rekapitulasi Wilayah Terdampak Genangan, Pemprov DKI Siapkan Pompa dan Kebutuhan Pokok","2020-02-09","21:05","Banjir"
"38 Pelajar Ikuti Perekaman KTP-el di HBKB Antasari","2020-02-09","17:05","Pemerintahan"
"Dua Hari Digelar, Ruang Musik Marti Diapresiasi","2020-02-09","16:27","BUMD"
"Ada Layanan Perekaman KTP-el di HBKB Jl Pemuda","2020-02-09","15:17","Kesra"
"Petugas Berhasil Evakuasi Cincin dari Jari Seorang Warga","2020-02-09","14:36","Jakarta Hari Ini"
"10 Pompa Mobile Sedot Genangan di Underpass Kemayoran","2020-02-09","14:09","Jakarta Hari Ini"
"Perbaikan Turap Saluran PHB Jelawe Rampung","2020-02-09","13:25","Lintas Kota"
"Warga Semper Barat Kerja Bakti di Kali Gubug Genteng","2020-02-09","13:05","Lintas Kota"
"7.500 Pesepeda Meriahkan Gowes Safety Excelent 2020","2020-02-09","12:54","Olahraga"
"Warga Nikmati Atraksi Barongsai di Dukuh Atas","2020-02-09","12:28","Seni & Budaya"
"Anies Lepas Operasi Pasar Bawang Putih dan Cabai Merah ke 22 Pasar di Jakarta","2020-02-09","11:22","Ekonomi"
"Cuaca Jakarta Hari Ini: Pagi Cerah Berawan, Siang Diguyur Hujan","2020-02-09","08:04","Jakarta Hari Ini"
"PT MRT Jakarta (Perseroda) Hadirkan Ruang Musik Marti","2020-02-08","22:51","Transportasi"
"Genangan di Rawajati Berangsur Surut","2020-02-08","21:07","Jakarta Hari Ini"
"829 Meter Kubik Sampah Diangkut dari Pintu Air Manggarai","2020-02-08","20:55","Jakarta Hari Ini"
"Wakil Bupati Buka Konfercab III NU Kepulauan Seribu","2020-02-08","18:41","Kesra"
"UPT Alkal Perbantukan 20 Truk Angkut Sampah di Pintu Air Manggarai","2020-02-08","18:16","Jakarta Hari Ini"
"Jalan Jatinegara Barat Sudah Bisa Dilintasi Kendaraan","2020-02-08","17:53","Lintas Kota"
"Anies Berharap Cap Go Meh 2020 Perkuat Persatuan Warga Jakarta","2020-02-08","17:36","Jakarta Hari Ini"
"Kerja Bakti Digelar di RW 03 Pulau Kelapa","2020-02-08","15:59","Jakarta Hari Ini"
"Jalan Raya Tubagus Angke dan Latumenten Sudah Tidak Ada Genangan","2020-02-08","15:31","Jakarta Hari Ini"
"Genangan di Pulau Untung Jawa Teratasi","2020-02-08","15:17","Jakarta Hari Ini"
"Lalin di Jalan Jatinegara Barat Dialihkan","2020-02-08","14:51","Banjir"
"TMA di Pintu Air Manggarai Berangsur Surut","2020-02-08","13:29","Jakarta Hari Ini"
"Sudin Sosial Jaktim Suplai Makanan Siap Saji Bagi Warga Terdampak Banjir","2020-02-08","13:18","Jakarta Hari Ini"
"Sekda Minta Seluruh Jajaran Optimalkan Penanganan Genangan ","2020-02-08","12:20","Jakarta Hari Ini"
"Sudin SDA Jaktim Kerahkan 8 Pompa Mobile dan 10 Watermaster","2020-02-08","12:03","Jakarta Hari Ini"
"Anies Cek TMA di Pintu Air Manggarai","2020-02-08","11:12","Jakarta Hari Ini"
"Dua Pompa Dikerahkan Atasi Genangan di Jalan Raya Pelabuhan","2020-02-08","11:03","Jakarta Hari Ini"
"Sudin Gulkarmat Jaktim Evakuasi Warga Terdampak Banjir","2020-02-08","10:52","Jakarta Hari Ini"
"Genangan di Jakpus Surut","2020-02-08","10:35","Jakarta Hari Ini"
"Genangan di Kelurahan Bangka Cepat Ditangani","2020-02-08","10:23","Banjir"
"Hari Ini Jakarta Diguyur Hujan ","2020-02-08","07:31","Jakarta Hari Ini"
"Pameran Lukisan Ridwan Manantik Digelar di Balai Budaya","2020-02-07","20:41","Seni & Budaya"
"Tahun Ini, Jakcard Ditarget Bisa untuk Bayar Tol","2020-02-07","19:29","BUMD"
"Panen Pakcoy di RPTRA Sungai Bambu Ludes Diborong Warga","2020-02-07","19:20","Kesra"
"Beri Rasa Aman, Personel Satpol PP Jakpus Patroli di Tujuh JPO","2020-02-07","18:50","Lintas Kota"
"Sertijab Kepala BPK Perwakilan DKI Jakarta, Anies Berharap Semangat Kolaborasi Terus Terbangun","2020-02-07","18:44","Jakarta Hari Ini"
"Mahasiswa Ikut PSN di Pulau Harapan","2020-02-07","18:10","Lintas Kota"
"Ayo Datang ke Festival Pecinan Cap Go Meh","2020-02-07","17:52","Seni & Budaya"
"Petugas Gabungan Bongkar Inrit di Jl STM Walang","2020-02-07","17:42","Lintas Kota"
"Musrenbang Kelurahan Cilangkap Bahas 46 Usulan","2020-02-07","17:32","Pembangunan"
"Dinas KPKP Luncurkan Gerakan Go Jakfarm","2020-02-07","17:27","Fokus"
"Penggalangan Bulan Dana PMI di Kepulauan Seribu Lampaui Target","2020-02-07","16:39","Lintas Kota"
" Pemkab Kepulauan Seribu Sosialisasikan Anjungan Dukcapil Mandiri","2020-02-07","16:21","Pemerintahan"
"Pembangunan Kanopi Jalan Penghubung di Kepulauan Seribu Utara Rampung","2020-02-07","16:01","Pembangunan"
"Petugas Evakuasi Sarang Tawon Berdiameter 80 Sentimeter","2020-02-07","15:54","Jakarta Hari Ini"
"Komunitas Sekolah di SMK Negeri 61 Diedukasi Penanganan Dini Kebakaran","2020-02-07","15:16","Jakarta Hari Ini"
"Lahan Urban Farming di Kantor Kelurahan Ciracas Panen Samhong","2020-02-07","15:04","Kesra"
"Animo Pengguna Sepeda Meningkat Sejak Ada Jalur Khusus","2020-02-07","14:41","Transportasi"
"Petugas PPSU Bantu Warga Bersihkan Puing Sisa Kebakaran di Maphar","2020-02-07","14:34","Jakarta Hari Ini"
"Kopri DKI Serahkan Bantuan Bagi ASN Terdampak Banjir Jabodetabek","2020-02-07","14:03","Jakarta Hari Ini"
"RPTRA Kalijodo Diramaikan Pelatihan Tari Betawi","2020-02-07","13:54","Seni & Budaya"
"25 Ribu KTP-el di Jakpus Telah Didistribusikan","2020-02-07","13:36","Kesra"
"Musrenbang Kelurahan Ciracas Bahas 137 Usulan","2020-02-07","12:21","Pembangunan"
"Jalan Rusak di Pulau Harapan Diperbaiki ","2020-02-07","11:43","Pembangunan"
"Kebakaran di Taman Sari Hanguskan 51 Rumah","2020-02-07","11:22","Jakarta Hari Ini"
"PT LRT Jakarta Sediakan Fasilitas Park and Ride","2020-02-07","09:30","BUMD"
"Lusa, Disnakertrans dan Energi Gelar Gowes Jakarta Safety Excellence ","2020-02-07","08:33","Olahraga"
"Jakarta Bakal Diguyur Hujan Hari Ini","2020-02-07","07:35","Jakarta Hari Ini"
"Hormati Keputusan Komisi Pengarah, Jakarta E-Prix Siapkan Alternatif Lokasi","2020-02-06","23:34","Olahraga"
"Nobar di Thamrin 10 Diminati Warga","2020-02-06","23:14","Jakarta Hari Ini"
"Dewan Apresiasi Ragam Fitur Aplikasi JAKI ","2020-02-06","22:40","Legislatif"
"31 Kelurahan di Jakut Miliki Pendamping Olahraga","2020-02-06","22:08","Olahraga"
"Warga Antusias Saksikan Jakarta Imlekan Cap Gomeh","2020-02-06","22:03","Seni & Budaya"
"Pemkot Jakut Luncurkan Green Dock School di Koja","2020-02-06","21:23","Pendidikan"
"Sudin Gulkarmat Jaktim Uji Coba Robot Pemadam Kebakaran","2020-02-06","20:14","Jakarta Hari Ini"
"Usulan Fisik Mendominasi dalam Musrenbang Kelurahan Makasar","2020-02-06","20:11","Pembangunan"
"Pemprov DKI Perinci Kembali Perjanjian dan Rencana Kinerja Para Kepala OPD yang Berorientasi Target dan Output","2020-02-06","19:16","Fokus"
"Ayo Liburan ke Atlantis Water Adventures Ancol Bisa Dapat Sepeda","2020-02-06","18:12","BUMD"
"Satpol PP Jakbar Gelar Razia Pelajar di Luar Jam Sekolah","2020-02-06","17:49","Jakarta Hari Ini"
"Tembus Satu Juta Pelanggan, Direksi PT Transjakarta Gunduli Rambut","2020-02-06","17:38","BUMD"
"Warga Kepulauan Seribu Diimbau Kembali Giatkan PSN","2020-02-06","16:04","Kesehatan"
"PT FSTJ Operasi Pasar Komoditas Bawang Putih di 14 Lokasi","2020-02-06","14:42","BUMD"
"60 RPTRA di Jaksel akan Jadi Tempat Pelatihan Seni Budaya","2020-02-06","14:21","Seni & Budaya"
"Pemkab Terus Gencarkan Penanganan Sampah Plastik","2020-02-06","14:19","Lintas Kota"
"Produk Pangan di Lima Pasar Tradisional Jakarta Barat Diperiksa","2020-02-06","13:51","Jakarta Hari Ini"
"Realisasi Investasi di Jakarta Tahun 2019 Capai Rp 123,9 Triliun","2020-02-06","13:27","Ekonomi"
"Taman Hatinya PKK di RW 14 Cipinang Koleksi Toga dan Sayur Mayur ","2020-02-06","13:22","Kesra"
"Bank Sampah Kantor Sudin Gulkarmat Jaksel Resmi Beroperasi","2020-02-06","13:08","Jakarta Hari Ini"
"Peserta SKD CPNS DKI Diajak Peduli Lingkungan","2020-02-06","12:29","Lintas Kota"
"Seleksi Pelatihan di PPKPI Pasar Rebo Diikuti 835 Peserta","2020-02-06","11:50","Kesra"
"PT MRT Jakarta (Perseroda) Kerja Sama Mitigasi Bencana dengan BMKG","2020-02-06","11:34","BUMD"
"Dua Unit Pompa Apung Dikerahkan Atasi Genangan di Pulau Untung Jawa ","2020-02-06","11:12","Kesra"
"Petugas PPSU Pasar Minggu Evakuasi Pohon Tumbang","2020-02-06","10:57","Jakarta Hari Ini"
"Empat Mobil Pemadam Dikerahkan Padamkan Kebakaran Mobil di Ciracas","2020-02-06","10:51","Jakarta Hari Ini"
"Dinas KPKP Adakan Pelatihan Juru Sembelih Berbasis Kompetensi","2020-02-06","10:32","Lintas Kota"
"Perolehan Bulan Dana PMI Jaksel 2019 Capai Rp 6,7 Miliar","2020-02-06","09:53","Pemerintahan"
"PT Jaktour-KONI DKI Perkuat Kerja Sama","2020-02-06","08:07","BUMD"
"Waspadai Hujan Disertai Angin di Sebagian Wilayah Jakarta","2020-02-06","07:13","Jakarta Hari Ini"
"Melihat Tangan Terampil Pelukis Sketsa Wajah di Kota Tua","2020-02-05","21:17","Wisata & Kuliner"
"Festival Cap Go Meh di Glodok Digelar 8-9 Februari","2020-02-05","20:56","Seni & Budaya"
"Warga RW 10 Kelurahan Cipinang Panen Sayur Mayur","2020-02-05","20:22","Kesra"
"Komisi A Terima Audiensi Warga Tugu Selatan","2020-02-05","19:26","Legislatif"
"Pemkab Lakukan Monitoring Pendataan Melalui Aplikasi Carik","2020-02-05","19:09","Lintas Kota"
"118 Usulan Dibahas dalam Musrenbang Kelurahan Tanjung Priok","2020-02-05","18:23","Pembangunan"
"Seleksi Kompetensi Dasar CPNS DKI Digelar 17-23 Februari 2020","2020-02-05","18:01","Lintas Kota"
"Musrenbang Kelurahan Kedoya Utara Bahas 104 Usulan","2020-02-05","17:46","Pembangunan"
"Komisi B DPRD DKI Tinjau Jakarta Internasional Stadium","2020-02-05","17:30","Legislatif"
"Kelurahan Sunter Jaya Gencarkan Gerakan Magrib Mengaji","2020-02-05","17:22","Kesra"
"Perkuat Identitas Wilayah, Kecamatan Kebon Jeruk Tanam Pohon Kedoya","2020-02-05","16:58","Lintas Kota"
"Dinas KPKP Adakan Pra-Rapat Teknis RKPD 2021","2020-02-05","16:44","Pemerintahan"
"Satgas SDA Jatinegara Perbaiki Turap Kali Cipinang","2020-02-05","15:57","Jakarta Hari Ini"
"Musrenbang Kelurahan Halim Perdanakusuma Bahas 96 Usulan","2020-02-05","15:47","Pembangunan"
"ASN Kepulauan Seribu Disosialisasikan Pengembangan Kewirausahaan Terpadu","2020-02-05","15:44","Ekonomi"
"Menikmati Asrinya Taman Warung Silah di Jagakarsa","2020-02-05","15:33","LENGGANG JAKARTA"
"Dinas PPKUKM Targetkan 1.500 Jakpreneur Tersertifikasi Halal","2020-02-05","15:13","Ekonomi"
"Satpel SDA Kebayoran Lama Selesaikan Pembangunan 21 Sumur Resapan","2020-02-05","14:42","Pembangunan"
" Fery Farhati Jadi Duta Basuma","2020-02-05","14:28","Kesra"
"Uji Coba Sistem Satu Arah di Jl Sumur Bor Dilakukan Pekan Depan","2020-02-05","14:16","Transportasi"
"Pelanggan Transjakarta Tembus Satu Juta Per Hari","2020-02-05","14:01","BUMD"
"Sarang Tawon di Jl Raya Halim Perdanakusuma Telah Dievakuasi","2020-02-05","10:21","Jakarta Hari Ini"
" Perumda Pasar Jaya Gelar Kompetisi Olahraga Memperingati HUT ke-53","2020-02-05","10:08","BUMD"
"Saluran Air Jalan Pondok Jaya VI Dikeruk","2020-02-05","09:26","Jakarta Hari Ini"
"Tiga Konstruksi Reklame di Jalan Daan Mogot Dibongkar","2020-02-05","07:43","Lintas Kota"
"Pagi Ini Sebagian Wilayah Jakarta Diprakirakan Turun Hujan","2020-02-05","06:50","Jakarta Hari Ini"
"Dinas Nakertrans dan Energi Targetkan 23.000 KPJ Terdistribusi Tahun Ini","2020-02-04","21:10","Kesra"
"Upacara Melasti akan Digelar di Jakut","2020-02-04","20:27","Kesra"
"Musrenbang Kelurahan Rawa Bunga Bahas 94 Usulan","2020-02-04","20:13","Pembangunan"
"238 Warga Cilincing Ikuti Pemeriksaan Kanker Serviks","2020-02-04","19:55","Kesehatan"
"Ayo Daftar, Sudin Kebudayaan Jakbar Buka Pelatihan Seni Gratis","2020-02-04","19:37","Seni & Budaya"
"Musrenbang Kelurahan Rambutan Bahas 85 Usulan","2020-02-04","19:19","Pembangunan"
"Sudin Pendidikan Wilayah I Jaksel Tempatkan Tenaga Pendidik SPS","2020-02-04","19:10","Pendidikan"
"DPRD Dorong Dinas Kebudayaan Perbanyak Event Budaya","2020-02-04","18:48","Legislatif"
"Ketua Komisi A Ingin Musrenbang Serap Kebutuhan Prioritas Warga","2020-02-04","18:13","Legislatif"
"Pohon Tumbang di Jl Soemarno Telah Dievakuasi","2020-02-04","17:49","Jakarta Hari Ini"
"Enam Kapal Tak Laik Layar di Kelurahan Pulau Pari Ditertibkan ","2020-02-04","17:35","Jakarta Hari Ini"
"Sudinhub Jakbar Terus Lakukan Kajian Lalu Lintas di Kawasan SPBB","2020-02-04","17:21","Transportasi"
"RPTRA Taman Puspa Indah Dipercantik Lukisan Mural","2020-02-04","17:04","Lintas Kota"
"Komisi E Bahas Program Kerja Dinas Kebudayaan di 2020","2020-02-04","16:30","Legislatif"
"Kelurahan Rambutan Panen Bayam dan Sawi ","2020-02-04","16:13","Kesra"
"KKN di Pulau Harapan, Mahasiswa Bakal Beri Pelatihan","2020-02-04","15:54","Pendidikan"
"Warga Pluit Usulkan Pembangunan Rumah Pompa ","2020-02-04","15:45","Banjir"
"Petugas PPSU Atasi Genangan di Jl DI Panjaitan","2020-02-04","15:42","Jakarta Hari Ini"
"Pemprov DKI-Kejati Tingkatkan Sinergi Pengawasan Pembangunan","2020-02-04","15:27","Pemerintahan"
"Pegawai Sudinhub Jaksel Ikuti Bimtek Penataan Arsip","2020-02-04","15:02","Pemerintahan"
"AJIB Dinas PM dan PTSP Layani 110.254 Pemohon di 2019","2020-02-04","14:21","Pemerintahan"
"Jumlah Pelanggar Lalu Lintas Angkutan Jalan di Jaksel Turun","2020-02-04","13:59","Transportasi"
"Dispusip Aktivasi Taman Bacaan Masyarakat di 55 Lokasi Tahun Ini","2020-02-04","13:37","Lintas Kota"
"Kelurahan Pulau Panggang Sosialisasikan Satgas Pengelolaan Sampah ","2020-02-04","13:18","Kesra"
"Musrenbang Kelurahan Pekayon Bahas 105 Usulan ","2020-02-04","13:08","Pembangunan"
"Kebakaran Rumah di Jalan Gunung Sahari Berhasil Dipadamkan","2020-02-04","12:53","Jakarta Hari Ini"
"Petugas Gabungan Dikerahkan Atasi Genangan di  Pulau Pari","2020-02-04","11:47","Jakarta Hari Ini"
"Sebelas Titik Sodetan Baru Dibangun di Kelurahan Pulau Tidung","2020-02-04","09:30","Kesra"
"Pembuatan Buis Beton Untuk Sumur Resapan di Jaksel Dipercepat ","2020-02-04","09:12","Pembangunan"
"Lalu Lintas di Underpass Kemayoran Kembali Normal","2020-02-04","08:01","Banjir"
"Sebagian Wilayah Jakarta Berpotensi Diguyur Hujan Pagi Ini","2020-02-04","07:14","Jakarta Hari Ini"
"Jakpusfarm akan Diresmikan 20 Februari ","2020-02-03","23:02","Lintas Kota"
"Kelurahan Kramat Jati Miliki Laboratorium Pertanian","2020-02-03","22:56","Kesra"
"100 Seniman Ikuti Seleksi Pelatih Seni di Jakut","2020-02-03","20:48","Seni & Budaya"
"Komisi B Dorong PT Transjakarta Revitalisasi Halte","2020-02-03","20:35","Legislatif"
"Warga Diimbau Gunakan Terminal Resmi","2020-02-03","20:07","Transportasi"
"Saluran PHB di RW 16 Cipinang Muara Dibersihkan","2020-02-03","19:39","Jakarta Hari Ini"
"Lalu Lintas di Jakut Dipastikan Tak Terganggu Genangan","2020-02-03","19:26","Transportasi"
"Komisi A Serap Aspirasi Warga Rorotan","2020-02-03","19:19","Legislatif"
"Sistem Peringatan Dini di Cipinang Melayu Diuji Coba","2020-02-03","19:11","Jakarta Hari Ini"
"Musrenbang Kelurahan Srengseng Didominasi Usulan Kegiatan Fisik","2020-02-03","19:04","Pembangunan"
"Wakil Bupati Ingin Pembangunan Jalan dan Saluran Jadi Prioritas","2020-02-03","16:27","Pembangunan"
"Sudin Dukcapil Jaksel Lakukan Layanan Jemput Bola ke 75 Sekolah ","2020-02-03","16:09","Kesra"
"BPAD DKI Didorong Tingkatkan Inventarisasi Aset ","2020-02-03","16:00","Legislatif"
"Dinas PPAPP Tambah 2 RPTRA Tahun Ini","2020-02-03","15:50","Pembangunan"
"Sudin Parekraf Pasang Peta Petunjuk di Empat Pulau Permukiman","2020-02-03","15:35","Wisata & Kuliner"
"Sudin KPKP Jaksel Tambah 100 Lokasi Gang Hijau Tahun Ini","2020-02-03","15:15","Kesra"
"16 Petugas Gabungan Atasi Genangan di Jl Arteri Marunda","2020-02-03","15:05","Banjir"
"Dinas KPKP Tambah Pasokan Cabai dari Wajo","2020-02-03","14:46","Ekonomi"
"Genangan di Underpass Kemayoran Diprediksi Surut Malam Nanti","2020-02-03","13:33","Banjir"
"12 Pompa Mobile Sedot Genangan di Muara Angke","2020-02-03","13:15","Banjir"
"162 Gerai Perumda Pasar Jaya Tak Lagi Gunakan Kantong Plastik","2020-02-03","13:10","BUMD"
"Personel Satpel Perhubungan Bantu Atur Lalin di Underpass Kemayoran","2020-02-03","12:56","Jakarta Hari Ini"
"Perbaikan Turap Saluran PHB Pluis Rampung","2020-02-03","12:46","Jakarta Hari Ini"
"Call Center Dinas PM dan PTSP Sudah Layani 111.372 Pemohon","2020-02-03","11:32","Pemerintahan"
"14 Pompa Sedot Genangan di Underpass Kemayoran","2020-02-03","11:04","Banjir"
"19 Petugas Atasi Genangan di Kelurahan Pulau Pari","2020-02-03","10:45","Jakarta Hari Ini"
"Dua Sarang Tawon di Jaktim Berhasil Dievakuasi Petugas ","2020-02-03","09:37","Jakarta Hari Ini"
"Jakarta Diprediksi Hujan Mulai Pagi Hari","2020-02-03","07:53","Jakarta Hari Ini"
"Wakil Ketua Komisi C Dukung Jakcard Bisa Buat Bayar Tol","2020-02-02","19:20","Legislatif"
"Yuk Ikut Lomba Lari, Satu Tahun Beroperasinya MRT","2020-02-02","18:25","BUMD"
"Pemprov DKI-PPK Kemayoran Berkolaborasi Atasi Genangan di Underpass","2020-02-02","18:05","Jakarta Hari Ini"
"Tempat Baru Galeri Buku Bengkel Deklamasi TIM Diresmikan","2020-02-02","16:32","Seni & Budaya"
"Empat Pompa Mobile Tangani Genangan di Jalan Letjen Suprapto","2020-02-02","15:08","Banjir"
"Genangan di Jalan Boulevard Barat Raya Surut Total","2020-02-02","14:56","Banjir"
"Genangan di Kawasan Kedoya Utara Mulai Surut","2020-02-02","13:31","Jakarta Hari Ini"
"80 Petugas Sudin SDA Jakpus Tangani Genangan Jalan Gunung Sahari","2020-02-02","13:27","Banjir"
"Genangan di Jl Medan Merdeka Surut","2020-02-02","11:25","Banjir"
"Tergenang, Lalu Lintas Underpass Kemayoran Dialihkan","2020-02-02","10:43","Banjir"
"Pohon Tumbang di Jl Jenderal Sudirman Sudah Dievakuasi","2020-02-02","10:15","Jakarta Hari Ini"
"Satpel SDA Setiabudi Bersihkan Tali Air Jalan Sudirman","2020-02-02","08:35","Banjir"
"BMKG Prediksi Hari Ini Jakarta Diguyur Hujan ","2020-02-02","07:27","Jakarta Hari Ini"
"Sembilan Pompa Mobile Tangani Genangan di Muara Angke","2020-02-01","21:28","Banjir"
"Sekko Jaktim Buka Festival Pangeran Syarif Dato Banjir","2020-02-01","16:11","Ekonomi"
"16 SSB di Jakut Meriahkan Festival Turnamen Pra Kompetisi","2020-02-01","15:25","Olahraga"
"Genangan di Kelurahan Pulau Kelapa Surut","2020-02-01","15:22","Jakarta Hari Ini"
"Kantor Wali Kota Jakut Dilengkapi Tong Sampah Pilah","2020-02-01","14:41","Kesra"
"Kebakaran di Cengkareng Timur Berhasil Dipadamkan","2020-02-01","12:02","Lintas Kota"
"Petugas Gabungan Atasi Genangan di Pulau Tidung","2020-02-01","11:46","Jakarta Hari Ini"
"Sudin Parekraf Terus Promosikan Wisata Kepulauan Seribu","2020-02-01","11:15","Wisata & Kuliner"
"Petugas Gabungan Evakuasi Tiang Roboh di Jl Pintu II TMII","2020-02-01","10:57","Jakarta Hari Ini"
"Sejumlah Wilayah di Jakarta Diprediksi Hujan","2020-02-01","10:22","Jakarta Hari Ini"
